Postcode Districts,Count
AL1,39038
AL10,38933
AL2,24211
AL3,29620
AL4,28431
AL5,31674
AL6,12336
AL7,36930
AL8,13596
AL9,11706
B1,10028
B10,28298
B11,47947
B12,21832
B13,38683
B14,43289
B15,20567
B16,25705
B17,27112
B18,17580
B19,24762
B2,501
B20,37142
B21,30467
B23,48328
B24,29757
B25,18043
B26,34601
B27,26620
B28,32624
B29,46161
B3,3003
B30,29603
B31,58045
B32,39717
B33,37615
B34,20525
B35,9897
B36,36884
B37,37674
B38,21117
B4,6979
B40,2
B42,25081
B43,30210
B44,37742
B45,32452
B46,12796
B47,10163
B48,6055
B49,10286
B5,13122
B50,6979
B6,20823
B60,27871
B61,26392
B62,25549
B63,37145
B64,18504
B65,24867
B66,26576
B67,32610
B68,33642
B69,31817
B7,9930
B70,34058
B71,33381
B72,9798
B73,23353
B74,32473
B75,27587
B76,21306
B77,57209
B78,24797
B79,24396
B8,46609
B80,7271
B9,27314
B90,49616
B91,33843
B92,37070
B93,20066
B94,7680
B95,6355
B96,5290
B97,35082
B98,50297
BA1,42248
BA10,3674
BA11,35288
BA12,29448
BA13,21944
BA14,52809
BA15,14068
BA16,13966
BA2,80404
BA20,11894
BA21,36198
BA22,18988
BA3,37449
BA4,18468
BA5,19145
BA6,13323
BA7,3919
BA8,4387
BA9,8654
BB1,70613
BB10,41309
BB11,25043
BB12,36252
BB18,17251
BB2,62971
BB3,34084
BB4,42344
BB5,62932
BB6,14868
BB7,35630
BB8,23127
BB9,49959
BD1,5960
BD10,28116
BD11,11584
BD12,16899
BD13,26707
BD14,9010
BD15,16973
BD16,25425
BD17,18581
BD18,27792
BD19,22589
BD2,31563
BD20,38205
BD21,27003
BD22,29872
BD23,30122
BD24,5269
BD3,36000
BD4,32572
BD5,32058
BD6,31088
BD7,36192
BD8,34150
BD9,31539
BH1,23696
BH10,20924
BH11,20871
BH12,36169
BH13,8033
BH14,25208
BH15,35656
BH16,16137
BH17,23043
BH18,11940
BH19,11168
BH2,9550
BH20,20325
BH21,42651
BH22,27642
BH23,55303
BH24,24892
BH25,25637
BH3,5626
BH31,13654
BH4,9624
BH5,11263
BH6,23203
BH7,11710
BH8,32124
BH9,32568
BL0,17308
BL1,69352
BL2,47216
BL3,71883
BL4,35440
BL5,27465
BL6,31311
BL7,15174
BL8,36145
BL9,52307
BN1,84834
BN10,19916
BN11,34441
BN12,22675
BN13,30601
BN14,31088
BN15,28220
BN16,29858
BN17,33161
BN18,14259
BN2,94305
BN20,21272
BN21,26270
BN22,33589
BN23,28609
BN24,10644
BN25,23959
BN26,13160
BN27,32317
BN3,80963
BN41,21373
BN42,10759
BN43,24263
BN44,10012
BN45,614
BN5,8038
BN6,19203
BN7,20330
BN8,16084
BN9,13906
BR1,60642
BR2,49627
BR3,49899
BR4,19761
BR5,48738
BR6,48041
BR7,18796
BR8,23730
BS1,18751
BS10,30605
BS11,19089
BS13,32398
BS14,30930
BS15,49775
BS16,91268
BS2,19401
BS20,32907
BS21,23557
BS22,38031
BS23,35965
BS24,24816
BS25,6644
BS26,4941
BS27,7499
BS28,3316
BS29,2909
BS3,41231
BS30,30085
BS31,24038
BS32,24755
BS34,36399
BS35,24401
BS36,16623
BS37,40910
BS39,17349
BS4,51717
BS40,13753
BS41,6424
BS48,23524
BS49,12523
BS5,57433
BS6,33985
BS7,44446
BS8,27237
BS9,33370
CA1,25032
CA10,14421
CA11,23408
CA12,7451
CA13,15240
CA14,35870
CA15,16133
CA16,6407
CA17,4926
CA18,275
CA19,933
CA2,40609
CA20,3171
CA21,730
CA22,8710
CA23,1396
CA24,987
CA25,5911
CA26,3483
CA27,1482
CA28,27851
CA3,14206
CA4,9702
CA5,7230
CA6,9186
CA7,22745
CA8,10099
CA9,2081
CB1,53549
CB10,15142
CB11,19042
CB2,29687
CB21,15880
CB22,25778
CB23,36052
CB24,36901
CB25,19054
CB3,18818
CB4,44345
CB5,13530
CB6,39737
CB7,28702
CB8,34600
CB9,33005
CF10,17423
CF11,39159
CF14,78050
CF15,18530
CF23,47596
CF24,59343
CF3,46038
CF31,45326
CF32,31473
CF33,14928
CF34,20017
CF35,21328
CF36,15950
CF37,38802
CF38,23460
CF39,29009
CF40,20090
CF41,10666
CF42,13353
CF43,11423
CF44,40973
CF45,19383
CF46,14524
CF47,21962
CF48,26814
CF5,68975
CF61,9673
CF62,43974
CF63,21650
CF64,37473
CF71,9573
CF72,27959
CF81,16030
CF82,20158
CF83,54568
CH1,32962
CH2,35674
CH3,36541
CH4,34818
CH41,19607
CH42,32616
CH43,37830
CH44,29347
CH45,30179
CH46,25286
CH47,10819
CH48,14930
CH49,29568
CH5,42342
CH6,17695
CH60,13052
CH61,17121
CH62,30310
CH63,29359
CH64,19185
CH65,30570
CH66,35918
CH7,50454
CH8,20790
CM0,17900
CM1,69427
CM11,19059
CM12,20661
CM13,25357
CM14,21391
CM15,23950
CM16,23929
CM17,25906
CM18,26013
CM19,20828
CM2,61042
CM20,25928
CM21,11388
CM22,16134
CM23,43855
CM24,8715
CM3,56126
CM4,10413
CM5,11784
CM6,29985
CM7,50973
CM77,15875
CM8,35665
CM9,35361
CM99,1
CO1,18035
CO10,50311
CO11,13965
CO12,23460
CO13,12827
CO14,7178
CO15,45001
CO16,26562
CO2,40911
CO3,32840
CO4,53273
CO5,29501
CO6,28977
CO7,35021
CO8,2406
CO9,27821
CR0,170304
CR2,50362
CR3,31017
CR4,64887
CR5,31963
CR6,10322
CR7,46951
CR8,33370
CR9,314
CT1,32129
CT10,25161
CT11,29972
CT12,19072
CT13,8511
CT14,35532
CT15,13361
CT16,21094
CT17,22278
CT18,14893
CT19,28300
CT2,32331
CT20,23772
CT21,17597
CT3,20655
CT4,17187
CT5,33165
CT6,40490
CT7,12129
CT8,7903
CT9,46355
CV1,35938
CV10,56443
CV11,41423
CV12,32098
CV13,11056
CV2,68128
CV21,40175
CV22,39801
CV23,27656
CV3,70203
CV31,34419
CV32,32914
CV33,8379
CV34,35670
CV35,26869
CV36,10446
CV37,45606
CV4,37316
CV47,20172
CV5,47083
CV6,94111
CV7,29308
CV8,31272
CV9,22695
CW1,44804
CW10,15609
CW11,27046
CW12,33378
CW2,44045
CW3,9624
CW4,10867
CW5,33192
CW6,13616
CW7,34565
CW8,40289
CW9,35219
DA1,65369
DA10,10889
DA11,41402
DA12,49484
DA13,14332
DA14,23138
DA15,29748
DA16,37486
DA17,19413
DA18,5202
DA2,24260
DA3,17119
DA4,9428
DA5,21268
DA6,11057
DA7,36100
DA8,38275
DA9,15244
DE1,16419
DE11,46765
DE12,22087
DE13,43275
DE14,35361
DE15,25010
DE21,57647
DE22,48751
DE23,66788
DE24,59999
DE3,18647
DE4,34141
DE45,8047
DE5,22493
DE55,54108
DE56,39397
DE6,26620
DE65,24508
DE7,51203
DE72,20451
DE73,20930
DE74,12927
DE75,18655
DG14,5
DG16,55
DH1,52550
DH2,30462
DH3,26738
DH4,35003
DH5,21235
DH6,35115
DH7,42740
DH8,39859
DH9,37251
DL1,47914
DL10,17998
DL11,4847
DL12,12362
DL13,13578
DL14,37650
DL15,23077
DL16,22357
DL17,17980
DL2,18752
DL3,43258
DL4,10100
DL5,29491
DL6,15701
DL7,15669
DL8,18653
DL9,14598
DN1,9720
DN10,12593
DN11,29658
DN12,24468
DN14,48962
DN15,37208
DN16,32771
DN17,36776
DN18,12772
DN19,6379
DN2,24668
DN20,19197
DN21,39038
DN22,37404
DN3,30173
DN31,9315
DN32,28067
DN33,20383
DN34,19127
DN35,32616
DN36,20537
DN37,20989
DN38,2885
DN39,2891
DN4,55574
DN40,12435
DN41,6606
DN5,40265
DN6,30952
DN7,24239
DN8,18395
DN9,21660
DT1,21364
DT10,12047
DT11,30237
DT2,25912
DT3,24759
DT4,37399
DT5,13558
DT6,21781
DT7,5568
DT8,6065
DT9,22329
DY1,35229
DY10,37000
DY11,32221
DY12,12113
DY13,22918
DY14,8662
DY2,36281
DY3,34909
DY4,48224
DY5,42705
DY6,28847
DY7,7872
DY8,50930
DY9,31648
E1,78961
E10,47365
E11,56041
E12,42759
E13,51756
E14,108214
E15,58450
E16,61514
E17,113053
E18,20625
E1W,14644
E2,50134
E20,9677
E3,67713
E4,66495
E5,49018
E6,84299
E7,53871
E8,42334
E9,40992
EC1A,1282
EC1M,1595
EC1N,2495
EC1R,4904
EC1V,15298
EC1Y,3965
EC2A,2058
EC2M,108
EC2N,26
EC2R,18
EC2V,23
EC2Y,3330
EC3A,32
EC3M,2
EC3N,350
EC3R,319
EC3V,22
EC4A,383
EC4M,164
EC4N,42
EC4R,50
EC4V,572
EC4Y,226
EN1,47936
EN10,18059
EN11,22483
EN2,31275
EN3,61338
EN4,27679
EN5,39898
EN6,30308
EN7,21931
EN8,39368
EN9,25310
EX1,27669
EX10,17692
EX11,9577
EX12,9854
EX13,13580
EX14,22222
EX15,23819
EX16,33738
EX17,20542
EX18,3287
EX19,3789
EX2,44912
EX20,22305
EX21,4649
EX22,11860
EX23,16658
EX24,3869
EX3,4935
EX31,28411
EX32,24250
EX33,10293
EX34,16608
EX35,1632
EX36,10045
EX37,3783
EX38,8421
EX39,39461
EX4,60690
EX5,26350
EX6,14975
EX7,14638
EX8,38437
EX9,6970
FY1,34436
FY2,24079
FY3,31870
FY4,44476
FY5,44717
FY6,28814
FY7,26226
FY8,45113
GL1,38885
GL10,15858
GL11,19337
GL12,16184
GL13,6199
GL14,15946
GL15,22254
GL16,14198
GL17,11734
GL18,8726
GL19,9685
GL2,61900
GL20,29491
GL3,34869
GL4,48629
GL5,31351
GL50,22178
GL51,53178
GL52,49220
GL53,21142
GL54,24779
GL55,5809
GL56,10048
GL6,24772
GL7,45503
GL8,9564
GL9,2514
GU1,31811
GU10,24231
GU11,27169
GU12,32491
GU14,57225
GU15,36131
GU16,24136
GU17,11948
GU18,6609
GU19,6122
GU2,35831
GU20,4211
GU21,50863
GU22,36599
GU23,6896
GU24,20412
GU25,5839
GU26,7763
GU27,18096
GU28,6894
GU29,9921
GU3,11466
GU30,10555
GU31,11658
GU32,12266
GU33,8412
GU34,33557
GU35,24133
GU4,16121
GU46,14704
GU47,18996
GU5,10809
GU51,25130
GU52,18842
GU6,15895
GU7,24585
GU8,17657
GU9,31883
HA0,56754
HA1,45038
HA2,60060
HA3,75783
HA4,53095
HA5,47084
HA6,23468
HA7,39337
HA8,71824
HA9,58681
HD1,24516
HD2,30012
HD3,31884
HD4,30027
HD5,30735
HD6,26539
HD7,22784
HD8,33667
HD9,35884
HG1,34360
HG2,32723
HG3,29388
HG4,25955
HG5,18703
HP1,26280
HP10,19366
HP11,17273
HP12,23283
HP13,45994
HP14,18001
HP15,17305
HP16,11722
HP17,10991
HP18,22535
HP19,27074
HP2,42424
HP20,16167
HP21,35099
HP22,30993
HP23,17994
HP27,13344
HP3,34801
HP4,24811
HP5,27008
HP6,15263
HP7,11067
HP8,6934
HP9,17623
HR1,33618
HR2,38964
HR3,7602
HR4,30828
HR5,4788
HR6,20962
HR7,7357
HR8,14141
HR9,21473
HU1,3539
HU10,19739
HU11,12157
HU12,25230
HU13,15541
HU14,8549
HU15,25133
HU16,16098
HU17,43822
HU18,8975
HU19,6960
HU2,4384
HU20,881
HU3,31150
HU4,23997
HU5,48848
HU6,36013
HU7,47875
HU8,34985
HU9,41932
HX1,25820
HX2,37097
HX3,45909
HX4,12028
HX5,10537
HX6,19174
HX7,12885
IG1,70976
IG10,33797
IG11,65311
IG2,31885
IG3,40296
IG4,10573
IG5,18328
IG6,32201
IG7,23633
IG8,38067
IG9,13255
IP1,40663
IP10,3416
IP11,30181
IP12,25515
IP13,19626
IP14,41746
IP15,2401
IP16,6830
IP17,12373
IP18,3840
IP19,10319
IP2,32670
IP20,8398
IP21,11423
IP22,22921
IP23,7562
IP24,28971
IP25,21474
IP26,9643
IP27,20511
IP28,29813
IP29,9170
IP3,35738
IP30,14647
IP31,21303
IP32,18031
IP33,23892
IP4,38346
IP5,19674
IP6,17921
IP7,17026
IP8,11416
IP9,11663
KT1,23628
KT10,21682
KT11,15893
KT12,39937
KT13,22788
KT14,13856
KT15,30173
KT16,20259
KT17,25655
KT18,17686
KT19,37848
KT2,33505
KT20,21640
KT21,14016
KT22,24918
KT23,11319
KT24,9132
KT3,40360
KT4,29921
KT5,21087
KT6,32921
KT7,10726
KT8,20964
KT9,21792
L1,11570
L10,15283
L11,29577
L12,30656
L13,29865
L14,27674
L15,29977
L16,14672
L17,22910
L18,26123
L19,24634
L2,1854
L20,34488
L21,24954
L22,13755
L23,30463
L24,17385
L25,34045
L26,15321
L27,6728
L28,6669
L29,500
L3,20614
L30,19946
L31,30752
L32,21032
L33,19177
L34,13814
L35,30554
L36,42128
L37,23345
L38,2469
L39,31350
L4,40653
L40,19363
L5,14569
L6,24757
L7,21614
L8,35300
L9,31884
LA1,55994
LA10,3825
LA11,9945
LA12,20203
LA13,19104
LA14,36957
LA15,7655
LA16,3248
LA17,1205
LA18,8301
LA19,1035
LA2,22618
LA20,1191
LA21,1017
LA22,4890
LA23,8307
LA3,25122
LA4,26041
LA5,16243
LA6,13193
LA7,5056
LA8,8917
LA9,31835
LD1,11453
LD2,5610
LD3,19512
LD4,776
LD5,1032
LD6,2887
LD7,4519
LD8,4491
LE1,18755
LE10,53121
LE11,65654
LE12,69394
LE13,27626
LE14,18115
LE15,36049
LE16,38312
LE17,23635
LE18,33755
LE19,16442
LE2,123106
LE3,109981
LE4,108997
LE5,99623
LE6,12048
LE65,16942
LE67,64811
LE7,51247
LE8,40677
LE9,59982
LL11,38322
LL12,28062
LL13,35976
LL14,33207
LL15,10739
LL16,15437
LL17,5411
LL18,42293
LL19,19944
LL20,7881
LL21,6388
LL22,18413
LL23,4220
LL24,1953
LL25,472
LL26,4378
LL27,757
LL28,13748
LL29,20556
LL30,20963
LL31,10205
LL32,6647
LL33,3754
LL34,4283
LL35,668
LL36,4440
LL37,537
LL38,686
LL39,216
LL40,4053
LL41,6084
LL42,2182
LL43,485
LL44,953
LL45,592
LL46,1601
LL47,518
LL48,2441
LL49,4141
LL51,819
LL52,2732
LL53,16040
LL54,11222
LL55,21571
LL56,2349
LL57,26843
LL58,3516
LL59,5220
LL60,3014
LL61,6104
LL62,1791
LL63,1257
LL64,780
LL65,23934
LL66,256
LL67,1242
LL68,6014
LL69,752
LL70,286
LL71,1895
LL72,705
LL73,243
LL74,2234
LL75,1465
LL76,266
LL77,7432
LL78,473
LN1,32318
LN10,6204
LN11,29609
LN12,13394
LN13,8222
LN2,42226
LN3,10312
LN4,40575
LN5,36425
LN6,64678
LN7,6429
LN8,17690
LN9,10180
LS1,4476
LS10,40068
LS11,39904
LS12,44185
LS13,37065
LS14,39005
LS15,35941
LS16,37651
LS17,44911
LS18,21933
LS19,20394
LS2,11904
LS20,13231
LS21,18548
LS22,16824
LS23,9842
LS24,12392
LS25,43442
LS26,31354
LS27,38284
LS28,41653
LS29,32860
LS3,5414
LS4,9401
LS5,8441
LS6,49788
LS7,31823
LS8,51625
LS9,43563
LU1,50512
LU2,61617
LU3,65911
LU4,57733
LU5,42083
LU6,34490
LU7,61416
M1,11795
M11,24400
M12,19434
M13,24285
M14,56704
M15,26213
M16,37780
M17,5
M18,26796
M19,37405
M2,230
M20,49771
M21,29029
M22,45590
M23,32753
M24,50667
M25,32876
M26,37121
M27,43108
M28,43560
M29,24135
M3,16345
M30,40464
M31,8176
M32,29500
M33,61924
M34,47766
M35,21455
M38,15089
M4,17700
M40,46245
M41,41725
M43,23934
M44,19920
M45,23294
M46,23419
M5,21198
M50,6379
M6,36225
M60,72
M7,36005
M8,36234
M9,44328
ME1,33830
ME10,52609
ME11,3936
ME12,42961
ME13,28942
ME14,34287
ME15,53310
ME16,34416
ME17,26916
ME18,7110
ME19,25616
ME2,42823
ME20,21776
ME3,30241
ME4,33501
ME5,52166
ME6,11844
ME7,53393
ME8,50824
ME9,23659
MK1,673
MK10,24473
MK11,10384
MK12,14487
MK13,19241
MK14,21324
MK15,6883
MK16,19113
MK17,20356
MK18,34665
MK19,12550
MK2,17135
MK3,27840
MK4,24643
MK40,39401
MK41,43720
MK42,56441
MK43,42493
MK44,16537
MK45,49442
MK46,9391
MK5,15845
MK6,29608
MK7,14790
MK8,15255
MK9,4704
N1,93853
N10,27484
N11,31397
N12,30696
N13,33667
N14,31422
N15,48426
N16,68429
N17,68813
N18,34387
N19,35005
N1C,2410
N2,24617
N20,20114
N21,24264
N22,43559
N3,26762
N4,53182
N5,25724
N6,18255
N7,50828
N8,40057
N9,53045
NE1,13352
NE10,34211
NE11,15970
NE12,36636
NE13,20156
NE15,33906
NE16,24720
NE17,4563
NE18,944
NE19,2063
NE2,32652
NE20,12581
NE21,17695
NE22,17946
NE23,39517
NE24,40360
NE25,30385
NE26,19167
NE27,16348
NE28,46557
NE29,35744
NE3,52925
NE30,21852
NE31,22945
NE32,24425
NE33,25942
NE34,51674
NE35,6276
NE36,6698
NE37,19826
NE38,31617
NE39,8610
NE4,42300
NE40,15634
NE41,2155
NE42,12460
NE43,4445
NE44,1066
NE45,3583
NE46,15053
NE47,7667
NE48,4132
NE49,4222
NE5,50069
NE6,50709
NE61,34044
NE62,9052
NE63,28239
NE64,5892
NE65,21558
NE66,17588
NE67,877
NE68,1693
NE69,326
NE7,14867
NE70,1779
NE71,2944
NE8,32421
NE9,36821
NE99,3
NG1,16562
NG10,47420
NG11,39041
NG12,35767
NG13,23224
NG14,19983
NG15,45726
NG16,64116
NG17,75325
NG18,45052
NG19,54389
NG2,60395
NG20,27911
NG21,24583
NG22,28040
NG23,18103
NG24,48282
NG25,9165
NG3,52095
NG31,47362
NG32,13160
NG33,9741
NG34,43536
NG4,40836
NG5,89787
NG6,38820
NG7,62856
NG8,67062
NG9,73708
NG90,5
NN1,35013
NN10,41557
NN11,41581
NN12,26494
NN13,21978
NN14,46878
NN15,41688
NN16,32247
NN17,33524
NN18,40310
NN2,42095
NN29,11812
NN3,78057
NN4,52646
NN5,45309
NN6,37473
NN7,30086
NN8,54816
NN9,29037
NP1,1
NP10,27300
NP11,36567
NP12,33469
NP13,18754
NP15,7971
NP16,23550
NP18,17047
NP19,57735
NP20,54578
NP22,21503
NP23,32218
NP24,4640
NP25,15950
NP26,23261
NP4,45266
NP44,48526
NP7,27296
NP8,5284
NR1,28988
NR10,23833
NR11,19182
NR12,21362
NR13,28677
NR14,27394
NR15,16097
NR16,12733
NR17,17957
NR18,21251
NR19,20587
NR2,27053
NR20,20310
NR21,16472
NR22,868
NR23,3051
NR24,4493
NR25,8740
NR26,8193
NR27,11647
NR28,17757
NR29,21066
NR3,34509
NR30,31259
NR31,50861
NR32,40375
NR33,39218
NR34,22257
NR35,11091
NR4,25354
NR5,32240
NR6,24698
NR7,34845
NR8,22766
NR9,19369
NW1,55725
NW10,95126
NW11,33713
NW2,70428
NW3,49336
NW4,34096
NW5,30259
NW6,66446
NW7,28645
NW8,32802
NW9,78315
OL1,25455
OL10,29666
OL11,48289
OL12,47427
OL13,16577
OL14,15881
OL15,14649
OL16,40561
OL2,41111
OL3,15376
OL4,47559
OL5,11591
OL6,30746
OL7,18127
OL8,46579
OL9,43990
OX1,27136
OX10,28489
OX11,44502
OX12,29247
OX13,16228
OX14,45921
OX15,21698
OX16,52329
OX17,18647
OX18,27607
OX2,41413
OX20,5384
OX25,12753
OX26,38088
OX27,7749
OX28,28309
OX29,26942
OX3,47650
OX33,7894
OX39,8613
OX4,66905
OX44,8135
OX49,4204
OX5,24117
OX7,24639
OX9,16011
PE1,56750
PE10,25576
PE11,47174
PE12,41880
PE13,38051
PE14,22503
PE15,31568
PE16,11163
PE19,46797
PE2,53616
PE20,15543
PE21,47026
PE22,17143
PE23,8929
PE24,12205
PE25,23145
PE26,12021
PE27,20656
PE28,52394
PE29,32483
PE3,33378
PE30,46719
PE31,19528
PE32,16251
PE33,15758
PE34,14906
PE35,103
PE36,6085
PE37,11834
PE38,16547
PE4,30344
PE5,1540
PE6,39581
PE7,51043
PE8,18725
PE9,33295
PL1,26332
PL10,3405
PL11,10307
PL12,21801
PL13,10064
PL14,24840
PL15,21403
PL16,2075
PL17,10307
PL18,5259
PL19,17014
PL2,32327
PL20,12388
PL21,19079
PL22,3865
PL23,3150
PL24,10534
PL25,27666
PL26,28257
PL27,12511
PL28,4328
PL29,926
PL3,31096
PL30,10706
PL31,16771
PL32,4588
PL33,2020
PL34,1707
PL35,985
PL4,35312
PL5,44006
PL6,42828
PL7,31340
PL8,6130
PL9,31091
PO1,31461
PO10,20280
PO11,17390
PO12,46366
PO13,35702
PO14,33652
PO15,23064
PO16,32537
PO17,6965
PO18,14661
PO19,33528
PO2,42522
PO20,36182
PO21,43414
PO22,31977
PO3,20604
PO30,31257
PO31,14852
PO32,9147
PO33,31045
PO34,1977
PO35,3534
PO36,16584
PO37,9292
PO38,12332
PO39,2624
PO4,41272
PO40,5706
PO41,2109
PO5,29391
PO6,42520
PO7,44179
PO8,35752
PO9,50906
PR1,73467
PR2,80048
PR25,32716
PR26,15650
PR3,42034
PR4,65417
PR5,40633
PR6,36207
PR7,64116
PR8,56153
PR9,43925
RG1,49233
RG10,18786
RG12,59266
RG14,42335
RG17,15472
RG18,20020
RG19,17328
RG2,47277
RG20,19902
RG21,30628
RG22,42414
RG23,13591
RG24,39326
RG25,8881
RG26,23400
RG27,24225
RG28,6418
RG29,7064
RG30,48859
RG31,28736
RG4,40917
RG40,32242
RG41,32107
RG42,29381
RG45,15419
RG5,27826
RG6,40124
RG7,36324
RG8,19354
RG9,23698
RH1,50436
RH10,73959
RH11,60281
RH12,51991
RH13,40063
RH14,16936
RH15,34156
RH16,39232
RH17,20486
RH18,4476
RH19,35193
RH2,27631
RH20,26481
RH3,4228
RH4,16427
RH5,16249
RH6,35061
RH7,8866
RH8,15852
RH9,5649
RM1,23049
RM10,42394
RM11,32650
RM12,36032
RM13,32562
RM14,28044
RM15,32232
RM16,43963
RM17,29933
RM18,19772
RM19,7356
RM2,13842
RM20,7583
RM3,48053
RM4,4568
RM5,20835
RM6,37986
RM7,32686
RM8,49883
RM9,39849
S1,10768
S10,45915
S11,34918
S12,34202
S13,31052
S14,9724
S17,16100
S18,24764
S2,46993
S20,30196
S21,20603
S25,21337
S26,26471
S3,18473
S32,5620
S33,4608
S35,40628
S36,29000
S4,14405
S40,34693
S41,36906
S42,29814
S43,41157
S44,22409
S45,14478
S5,63442
S6,58122
S60,42125
S61,34942
S62,20085
S63,42908
S64,31902
S65,35178
S66,46292
S7,17764
S70,41437
S71,47573
S72,25925
S73,29250
S74,18058
S75,44894
S8,45951
S80,30843
S81,38656
S9,29041
SA1,51866
SA10,31030
SA11,35616
SA12,32617
SA13,19162
SA14,35356
SA15,37743
SA16,8291
SA17,9855
SA18,30428
SA19,9446
SA2,36765
SA20,3341
SA3,25354
SA31,17876
SA32,7770
SA33,12492
SA34,5108
SA35,765
SA36,354
SA37,1409
SA38,4558
SA39,2527
SA4,45892
SA40,2965
SA41,2061
SA42,2065
SA43,12649
SA44,11063
SA45,1438
SA46,2487
SA47,1082
SA48,8669
SA5,35517
SA6,32723
SA61,14501
SA62,21188
SA63,1294
SA64,2357
SA65,4466
SA66,3256
SA67,7498
SA68,4101
SA69,3646
SA7,15433
SA70,8792
SA71,10641
SA72,10433
SA73,21113
SA8,13287
SA9,15331
SE1,73174
SE10,40654
SE11,23014
SE12,28560
SE13,46362
SE14,27535
SE15,65578
SE16,53700
SE17,35753
SE18,84970
SE19,28914
SE1P,3
SE2,28381
SE20,24812
SE21,15210
SE22,30429
SE23,34644
SE24,18479
SE25,36596
SE26,30589
SE27,22158
SE28,30524
SE3,34929
SE4,28964
SE5,50452
SE6,57210
SE7,23024
SE8,33260
SE9,67210
SG1,55697
SG10,2200
SG11,8795
SG12,30608
SG13,17948
SG14,20697
SG15,6026
SG16,6871
SG17,14767
SG18,30745
SG19,25741
SG2,43222
SG3,7208
SG4,30135
SG5,35628
SG6,34331
SG7,13840
SG8,40328
SG9,12524
SK1,12676
SK10,40873
SK11,37542
SK12,19413
SK13,33338
SK14,50287
SK15,28591
SK16,19746
SK17,30717
SK2,30245
SK22,12074
SK23,18395
SK3,28977
SK4,35490
SK5,31543
SK6,51451
SK7,41784
SK8,61839
SK9,39941
SL0,11701
SL1,78212
SL2,59956
SL3,50523
SL4,45354
SL5,24782
SL6,84273
SL7,21318
SL8,6758
SL9,22245
SM1,43871
SM2,31280
SM3,22446
SM4,39690
SM5,41752
SM6,40363
SM7,18509
SN1,36319
SN10,32675
SN11,24803
SN12,28538
SN13,17773
SN14,27752
SN15,37597
SN16,14761
SN2,45229
SN25,44355
SN26,2280
SN3,55199
SN4,29504
SN5,35631
SN6,22816
SN7,15283
SN8,24926
SN9,8283
SO14,30998
SO15,44101
SO16,70040
SO17,19835
SO18,37464
SO19,58497
SO20,8065
SO21,20875
SO22,31653
SO23,23309
SO24,11451
SO30,33539
SO31,48662
SO32,23672
SO40,41106
SO41,31951
SO42,4864
SO43,4379
SO45,34373
SO50,51843
SO51,30022
SO52,7205
SO53,32089
SP1,22723
SP10,39796
SP11,35724
SP2,30982
SP3,11435
SP4,38742
SP5,22434
SP6,14172
SP7,15571
SP8,14386
SP9,12124
SR1,5092
SR2,32068
SR3,38022
SR4,41644
SR5,34188
SR6,29104
SR7,30414
SR8,34667
SS0,42536
SS1,28231
SS11,19366
SS12,18782
SS13,22667
SS14,29043
SS15,33878
SS16,32182
SS17,33928
SS2,39129
SS3,29197
SS4,22004
SS5,22280
SS6,32425
SS7,50541
SS8,38327
SS9,50726
ST1,32502
ST10,25156
ST11,9801
ST12,4175
ST13,27818
ST14,21723
ST15,22922
ST16,33574
ST17,38529
ST18,18144
ST19,15508
ST2,35460
ST20,7034
ST21,6502
ST3,68507
ST4,57886
ST5,82287
ST6,67283
ST7,55169
ST8,19964
ST9,12021
SW10,17025
SW11,81336
SW12,32166
SW13,15777
SW14,17471
SW15,63972
SW16,85971
SW17,64524
SW18,65843
SW19,80552
SW1A,307
SW1E,1057
SW1H,692
SW1P,13042
SW1V,21568
SW1W,6889
SW1X,4855
SW1Y,459
SW2,55538
SW20,30514
SW3,19002
SW4,41176
SW5,13955
SW6,65848
SW7,15132
SW8,38648
SW9,48006
SY1,28665
SY10,15672
SY11,27852
SY12,8618
SY13,19683
SY14,7046
SY15,5387
SY16,16008
SY17,3698
SY18,4531
SY19,1018
SY2,18727
SY20,6639
SY21,17073
SY22,9278
SY23,28422
SY24,4469
SY25,4273
SY3,34769
SY4,26534
SY5,22946
SY6,6908
SY7,10924
SY8,18626
SY9,2821
TA1,42119
TA10,10083
TA11,10143
TA12,6188
TA13,4344
TA14,3182
TA15,690
TA16,1982
TA17,541
TA18,10706
TA19,12309
TA2,31807
TA20,21578
TA21,21214
TA22,2633
TA23,5732
TA24,18616
TA3,15278
TA4,19758
TA5,12305
TA6,52695
TA7,15887
TA8,16773
TA9,13524
TD12,1245
TD15,16669
TD5,10
TD9,98
TF1,42708
TF10,20754
TF11,12608
TF12,5760
TF13,3827
TF2,40757
TF3,26939
TF4,23012
TF5,5078
TF6,5788
TF7,19067
TF8,3012
TF9,26972
TN1,11720
TN10,16818
TN11,14831
TN12,31362
TN13,25568
TN14,16639
TN15,25728
TN16,19684
TN17,14304
TN18,6649
TN19,5207
TN2,29750
TN20,3760
TN21,16969
TN22,27566
TN23,45021
TN24,34682
TN25,19285
TN26,12395
TN27,14297
TN28,8855
TN29,13220
TN3,11614
TN30,9937
TN31,14042
TN32,5218
TN33,12663
TN34,30460
TN35,17667
TN36,2255
TN37,20698
TN38,28954
TN39,26517
TN4,31280
TN40,18127
TN5,8740
TN6,25598
TN7,2358
TN8,14173
TN9,19260
TQ1,33160
TQ10,4058
TQ11,4235
TQ12,58504
TQ13,24396
TQ14,19591
TQ2,36523
TQ3,32632
TQ4,20827
TQ5,19128
TQ6,7837
TQ7,17064
TQ8,1732
TQ9,19785
TR1,23406
TR10,12626
TR11,31698
TR12,9400
TR13,20685
TR14,27820
TR15,22025
TR16,16405
TR17,1633
TR18,19522
TR19,8780
TR2,10506
TR20,9725
TR21,1592
TR22,81
TR23,95
TR24,152
TR25,138
TR26,11001
TR27,16257
TR3,13000
TR4,13009
TR5,4261
TR6,4035
TR7,22163
TR8,10886
TR9,8646
TS1,16694
TS10,37888
TS11,11134
TS12,22690
TS13,9957
TS14,18648
TS15,14130
TS16,10802
TS17,46714
TS18,27524
TS19,36739
TS2,936
TS20,20519
TS21,13213
TS22,10175
TS23,28426
TS24,22143
TS25,38233
TS26,25627
TS27,11825
TS28,5378
TS29,6154
TS3,29745
TS4,19156
TS5,41322
TS6,30343
TS7,22633
TS8,22441
TS9,12771
TW1,27656
TW10,20179
TW11,24417
TW12,24040
TW13,39916
TW14,31787
TW15,29530
TW16,22399
TW17,14548
TW18,26697
TW19,18828
TW2,31666
TW20,27424
TW3,47894
TW4,32239
TW5,33426
TW6,9
TW7,42027
TW8,24892
TW9,22987
UB1,43924
UB10,39184
UB2,38025
UB3,56889
UB4,42608
UB5,50298
UB6,54019
UB7,36952
UB8,38798
UB9,15734
W10,35161
W11,29188
W12,49505
W13,33145
W14,35417
W1B,506
W1C,9
W1D,933
W1F,1704
W1G,2238
W1H,5933
W1J,847
W1K,2110
W1S,198
W1T,3292
W1U,4343
W1W,3775
W2,44650
W3,58961
W4,45823
W5,51938
W6,36342
W7,30969
W8,17926
W9,36488
WA1,23334
WA10,40272
WA11,39986
WA12,25537
WA13,13251
WA14,30963
WA15,43533
WA16,24387
WA2,41009
WA3,49134
WA4,49397
WA5,62678
WA6,19523
WA7,63180
WA8,64055
WA9,52743
WC1A,651
WC1B,1289
WC1E,1721
WC1H,7243
WC1N,5844
WC1R,476
WC1V,270
WC1X,7255
WC2A,300
WC2B,1505
WC2E,691
WC2H,2377
WC2N,692
WC2R,354
WD17,19882
WD18,28248
WD19,29504
WD23,28279
WD24,24287
WD25,30806
WD3,43006
WD4,11679
WD5,11694
WD6,41873
WD7,12788
WF1,39981
WF10,51742
WF11,17666
WF12,36018
WF13,29441
WF14,20239
WF15,17685
WF16,12851
WF17,44492
WF2,54494
WF3,34085
WF4,44564
WF5,21895
WF6,22419
WF7,22659
WF8,36084
WF9,41469
WN1,20041
WN2,53812
WN3,30820
WN4,27852
WN5,44740
WN6,41812
WN7,50423
WN8,47399
WR1,10401
WR10,19798
WR11,48017
WR12,6155
WR13,8854
WR14,34971
WR15,7335
WR2,32192
WR3,21758
WR4,26506
WR5,35070
WR6,13106
WR7,5737
WR8,8344
WR9,34418
WS1,28438
WS10,51111
WS11,44381
WS12,36737
WS13,29131
WS14,17636
WS15,38685
WS2,42175
WS3,53257
WS4,17871
WS5,22231
WS6,17450
WS7,30204
WS8,16452
WS9,26473
WV1,16454
WV10,62831
WV11,35670
WV12,25589
WV13,22329
WV14,51619
WV15,8584
WV16,18142
WV2,19222
WV3,30487
WV4,34836
WV5,15388
WV6,45352
WV7,7669
WV8,16091
WV9,6834
YO1,6027
YO10,32478
YO11,23897
YO12,39890
YO13,10553
YO14,11472
YO15,13281
YO16,25464
YO17,23525
YO18,11364
YO19,13180
YO21,13764
YO22,8659
YO23,19932
YO24,29750
YO25,34105
YO26,31592
YO30,26317
YO31,30161
YO32,28569
YO41,12022
YO42,16271
YO43,13263
YO51,6475
YO60,4578
YO61,14626
YO62,12068
YO7,21311
YO8,48303
